{
  "$schema": "https://raw.githubusercontent.com/grafana/grafana/master/docs/sources/developers/plugins/plugin.schema.json",
  "type": "panel",
  "name": "Odometer",
  "id": "sameeraswal-odometer-panel",
  "info": {
    "keywords": ["panel"],
    "description": "Display moving counter for countdown countup",
    "author": {
      "name": "Sameer Singh Aswal"
    },
    "logos": {
      "small": "img/logo.svg",
      "large": "img/logo.svg"
    },
    "links": [],
    "screenshots": [
      {
        "name": "Sample counter",
        "path": "img/screenshot-1.png"
      },
      {
        "name": "Sample counter 3 digit value",
        "path": "img/screenshot-2.png"
      },
      {
        "name": "Counter in transition",
        "path": "img/screenshot-3.png"
      }
    ],
    "version": "1.0.0",
    "updated": "2023-10-09"
  },
  "dependencies": {
    "grafanaDependency": ">=10.0.3",
    "plugins": []
  }
}
